{
  "cv": {
    "n_folds": 4,
    "full_plate_acc_mean": 0.46631427668262326,
    "full_plate_acc_std": 0.011075774109770543,
    "mean_edit_dist_mean": 1.0048997481794504,
    "mean_edit_dist_std": 0.02426306243146471
  },
  "test": {
    "n": 11886,
    "full_plate_acc": 0.5287733467945482,
    "mean_edit_dist": 0.8907958943294633,
    "per_position_acc": [
      0.950530035335689,
      0.9546525323910483,
      0.8595827023388861,
      0.76291435302036,
      0.831650681474003,
      0.8589937741881205,
      0.878512535756352
    ]
  },
  "extra": {
    "crop_size_HxW": [
      24,
      94
    ],
    "n_classes": 67,
    "shared_vocab": true,
    "vocab": [
      "皖",
      "沪",
      "津",
      "渝",
      "冀",
      "晋",
      "蒙",
      "辽",
      "吉",
      "黑",
      "苏",
      "浙",
      "京",
      "闽",
      "赣",
      "鲁",
      "豫",
      "鄂",
      "湘",
      "粤",
      "桂",
      "琼",
      "川",
      "贵",
      "云",
      "藏",
      "陕",
      "甘",
      "青",
      "宁",
      "新",
      "警",
      "学",
      "A",
      "B",
      "C",
      "D",
      "E",
      "F",
      "G",
      "H",
      "J",
      "K",
      "L",
      "M",
      "N",
      "P",
      "Q",
      "R",
      "S",
      "T",
      "U",
      "V",
      "W",
      "X",
      "Y",
      "Z",
      "0",
      "1",
      "2",
      "3",
      "4",
      "5",
      "6",
      "7",
      "8",
      "9"
    ]
  }
}