{
  "cv": {
    "n_folds": 4,
    "full_plate_acc_mean": 0.8727552482486535,
    "full_plate_acc_std": 0.015327229222864856,
    "mean_edit_dist_mean": 0.17901903070948771,
    "mean_edit_dist_std": 0.018113902423372054
  },
  "test": {
    "n": 1177,
    "full_plate_acc": 0.8887000849617672,
    "mean_edit_dist": 0.17417162276975362,
    "per_position_acc": [
      0.983857264231096,
      0.9906542056074766,
      0.9617672047578589,
      0.9575191163976211,
      0.9592183517417162,
      0.9549702633814783,
      0.9490229396771452
    ]
  }
}