n,full_plate_acc,mean_edit_dist,per_position_acc,fold
1669,0.8693828639904134,0.1737567405632115,"[0.9484721390053924, 0.9910125823846615, 0.9712402636309168, 0.9688436189334931, 0.9736369083283404, 0.9646494907130018, 0.9592570401437986]",0
1666,0.8673469387755102,0.19387755102040816,"[0.9537815126050421, 0.9879951980792316, 0.968187274909964, 0.9657863145258103, 0.9621848739495799, 0.9615846338535414, 0.9459783913565426]",1
1665,0.8594594594594595,0.1927927927927928,"[0.9561561561561561, 0.9921921921921922, 0.9597597597597598, 0.9585585585585585, 0.9597597597597598, 0.9531531531531532, 0.9423423423423424]",2
1664,0.8948317307692307,0.15564903846153846,"[0.9747596153846154, 0.9909855769230769, 0.9705528846153846, 0.9633413461538461, 0.9675480769230769, 0.9615384615384616, 0.9537259615384616]",3
