{
  "cv": null,
  "test": {
    "n": 11886,
    "full_plate_acc": 0.960962476863537,
    "mean_edit_dist": 0.052667003197038535,
    "per_position_acc": [
      0.9968870940602389,
      0.9977284199899041,
      0.9872959784620562,
      0.9873801110550228,
      0.9878007740198553,
      0.9879690392057883,
      0.9814066969544001
    ]
  },
  "extra": {
    "crop_size_HxW": [
      24,
      94
    ],
    "vocab_size": 68,
    "blank_idx": 0
  }
}