{
  "cv": null,
  "test": {
    "n": 11886,
    "full_plate_acc": 0.7120982668685849,
    "mean_edit_dist": 0.5970890122833585,
    "per_position_acc": [
      0.8195355880868248,
      0.8997139491839139,
      0.8740535083291266,
      0.8343429244489315,
      0.8238263503281171,
      0.8246676762577823,
      0.8024566717146222
    ]
  },
  "extra": {
    "model_name": "PP-OCRv5_server_rec",
    "zero_shot": true
  }
}